{"aver_reward": -164.82330931074887, "steps_in_episode": 120, "_timestamp": 1721742957.541893, "_runtime": 6.455132961273193, "_step": 86, "q_values": {"_type": "histogram", "values": [1, 0, 0, 0, 0, 0, 0, 0, 0, 0, 0, 0, 0, 0, 0, 0, 0, 0, 0, 0, 0, 0, 0, 0, 0, 0, 0, 0, 0, 0, 0, 0, 0, 0, 0, 0, 0, 0, 0, 0, 0, 0, 0, 0, 0, 1, 0, 1, 0, 0, 0, 0, 0, 0, 0, 0, 0, 0, 0, 0, 0, 0, 0, 1], "bins": [-1.309786081314087, -1.282108187675476, -1.2544302940368652, -1.2267524003982544, -1.1990745067596436, -1.1713966131210327, -1.1437187194824219, -1.116040825843811, -1.0883629322052002, -1.0606850385665894, -1.0330071449279785, -1.0053292512893677, -0.9776513576507568, -0.949973464012146, -0.9222955703735352, -0.8946176767349243, -0.8669397830963135, -0.8392619490623474, -0.8115840554237366, -0.7839061617851257, -0.7562282681465149, -0.728550374507904, -0.7008724808692932, -0.6731945872306824, -0.6455166935920715, -0.6178387999534607, -0.5901609063148499, -0.562483012676239, -0.5348051190376282, -0.5071272253990173, -0.4794493317604065, -0.45177143812179565, -0.4240935444831848, -0.396415650844574, -0.36873775720596313, -0.3410598635673523, -0.31338196992874146, -0.2857040762901306, -0.2580261826515198, -0.23034830391407013, -0.2026704102754593, -0.17499251663684845, -0.1473146229982376, -0.11963673681020737, -0.09195884317159653, -0.06428094953298569, -0.036603059619665146, -0.008925167843699455, 0.018752723932266235, 0.046430617570877075, 0.07410851120948792, 0.10178639739751816, 0.1294642984867096, 0.15714217722415924, 0.18482007086277008, 0.21249796450138092, 0.24017585813999176, 0.2678537368774414, 0.29553163051605225, 0.3232095241546631, 0.3508874177932739, 0.37856531143188477, 0.4062432050704956, 0.43392109870910645, 0.4615989923477173]}, "_wandb": {"runtime": 163}}