{"aver_reward": 241.70672009525413, "steps_in_episode": 191, "_timestamp": 1721743946.795163, "_runtime": 740.517639875412, "_step": 4332, "q_values": {"_type": "histogram", "values": [1, 0, 1, 0, 0, 0, 0, 0, 0, 0, 0, 0, 0, 0, 0, 0, 0, 0, 0, 0, 0, 0, 0, 0, 0, 0, 0, 0, 0, 0, 0, 0, 0, 0, 0, 0, 0, 0, 0, 0, 0, 0, 0, 1, 0, 0, 0, 0, 0, 0, 0, 0, 0, 0, 0, 0, 0, 0, 0, 0, 0, 0, 0, 1], "bins": [147.44964599609375, 147.52200317382812, 147.5943603515625, 147.66673278808594, 147.7390899658203, 147.8114471435547, 147.88380432128906, 147.95616149902344, 148.02853393554688, 148.10089111328125, 148.17324829101562, 148.24560546875, 148.31796264648438, 148.39031982421875, 148.4626922607422, 148.53504943847656, 148.60740661621094, 148.6797637939453, 148.7521209716797, 148.82449340820312, 148.8968505859375, 148.96920776367188, 149.04156494140625, 149.11392211914062, 149.186279296875, 149.25865173339844, 149.3310089111328, 149.4033660888672, 149.47572326660156, 149.54808044433594, 149.62045288085938, 149.69281005859375, 149.76516723632812, 149.8375244140625, 149.90988159179688, 149.9822540283203, 150.0546112060547, 150.12696838378906, 150.19932556152344, 150.2716827392578, 150.34405517578125, 150.41641235351562, 150.48876953125, 150.56112670898438, 150.63348388671875, 150.70584106445312, 150.77821350097656, 150.85057067871094, 150.9229278564453, 150.9952850341797, 151.06764221191406, 151.1400146484375, 151.21237182617188, 151.28472900390625, 151.35708618164062, 151.429443359375, 151.50180053710938, 151.5741729736328, 151.6465301513672, 151.71888732910156, 151.79124450683594, 151.8636016845703, 151.93597412109375, 152.00833129882812, 152.0806884765625]}, "_wandb": {"runtime": 740}}