{"_runtime":3,"train/mean_return_distance_0":1.5600051879882812,"eval/hypervolume":5141.499900817871,"train/desired_return_1":-36.499996185302734,"train/mean_return_0":-35.26000213623047,"global_step":2000,"train/entropy":102.59664154052734,"train/desired_return_0":-33.69999694824219,"train/loss":1.6049619913101196,"eval/cardinality":1,"train/mean_horizon_distance":2,"_step":11,"train/hypervolume":4210.050446701061,"train/mean_return_1":-37.519996643066406,"_timestamp":1.753191374314105e+09,"_wandb":{"runtime":3},"train/episode":40,"train/horizon_desired":48,"eval/eum":-27.96007387990586,"train/mean_return_distance_1":1.0200004577636719,"eval/front":{"size":83,"artifact_path":"wandb-client-artifact://z9kwnzv1bmuuzumfmhqxif6fblwnvbptjewrpodjrco1b6zloxc6qakzj520848z8kd97776rkfqz1r275w78nmfm7an2xgaauyh5i5aeg27h4c3ioewha7a3qx63z77/eval/front.table.json","sha256":"4795dd8b068cc9c76461e84840f72c215fb662105125de02f8239c756030e8ee","path":"media/table/eval/front_11_4795dd8b068cc9c76461.table.json","nrows":1,"_latest_artifact_path":"wandb-client-artifact://8zd98kge3yqlkpr0m95amtay3rhmel52k3suah707mwjifkwmsoozkeo5m6sb0v892eimqblindnpuv893x4o80c3cs2vlw6uzdc9sjufs60n33gzfs264v0h0ehkjjx:latest/eval/front.table.json","ncols":2,"log_mode":"IMMUTABLE","_type":"table-file"}}