{"aver_reward": -173.55355909464828, "steps_in_episode": 100, "_timestamp": 1721741436.0917382, "_runtime": 0.5722861289978027, "_step": 10, "q_values": {"_type": "histogram", "values": [1, 0, 0, 0, 0, 0, 0, 0, 0, 0, 0, 0, 0, 0, 0, 0, 0, 0, 0, 0, 0, 0, 0, 0, 0, 0, 0, 1, 0, 0, 0, 0, 0, 0, 0, 0, 0, 0, 0, 0, 1, 0, 0, 0, 0, 0, 0, 0, 0, 0, 0, 0, 0, 0, 0, 0, 0, 0, 0, 0, 0, 0, 0, 1], "bins": [-0.10738082230091095, -0.10425267368555069, -0.10112453252077103, -0.09799638390541077, -0.0948682427406311, -0.09174009412527084, -0.08861195296049118, -0.08548380434513092, -0.08235566318035126, -0.079227514564991, -0.07609936594963074, -0.07297122478485107, -0.06984307616949081, -0.06671493500471115, -0.06358678638935089, -0.06045864149928093, -0.05733049660921097, -0.054202351719141006, -0.051074206829071045, -0.04794606193900108, -0.04481791704893112, -0.04168976843357086, -0.0385616235435009, -0.03543347865343094, -0.03230533376336098, -0.029177188873291016, -0.026049043983221054, -0.022920897230505943, -0.019792752340435982, -0.01666460745036602, -0.013536461628973484, -0.010408315807580948, -0.007280170917510986, -0.0041520255617797375, -0.0010238802060484886, 0.0021042651496827602, 0.005232410505414009, 0.00836055539548397, 0.011488701216876507, 0.014616847038269043, 0.017744991928339005, 0.020873136818408966, 0.024001281708478928, 0.02712942846119404, 0.030257573351264, 0.03338572010397911, 0.03651386499404907, 0.039642009884119034, 0.042770154774188995, 0.04589829966425896, 0.04902644455432892, 0.05215458944439888, 0.05528273433446884, 0.0584108829498291, 0.06153902783989906, 0.06466717272996902, 0.06779532134532928, 0.07092346251010895, 0.07405161112546921, 0.07717975229024887, 0.08030790090560913, 0.0834360420703888, 0.08656419068574905, 0.08969233185052872, 0.09282048046588898]}, "_wandb": {"runtime": 0}}