{"aver_reward": -130.59114335515977, "steps_in_episode": 310, "_timestamp": 1721743191.1928189, "_runtime": 27.93896794319153, "_step": 225, "q_values": {"_type": "histogram", "values": [1, 0, 0, 0, 0, 0, 0, 0, 0, 0, 0, 0, 0, 0, 0, 0, 0, 0, 0, 0, 0, 0, 0, 0, 0, 0, 0, 0, 0, 0, 0, 0, 0, 0, 0, 0, 0, 0, 0, 0, 0, 0, 0, 0, 0, 0, 0, 0, 0, 0, 0, 0, 0, 0, 0, 1, 0, 0, 0, 0, 0, 0, 1, 1], "bins": [3.7466440200805664, 3.7897229194641113, 3.8328018188476562, 3.875880718231201, 3.918959617614746, 3.962038516998291, 4.005117416381836, 4.048196315765381, 4.091275215148926, 4.134354114532471, 4.177433013916016, 4.2205119132995605, 4.2635908126831055, 4.30666971206665, 4.349748611450195, 4.39282751083374, 4.435906410217285, 4.478984832763672, 4.522063732147217, 4.565142631530762, 4.608221530914307, 4.651300430297852, 4.6943793296813965, 4.737458229064941, 4.780537128448486, 4.823616027832031, 4.866694927215576, 4.909773826599121, 4.952852725982666, 4.995931625366211, 5.039010524749756, 5.082089424133301, 5.125168323516846, 5.168247222900391, 5.2113261222839355, 5.2544050216674805, 5.297483921051025, 5.34056282043457, 5.383641719818115, 5.42672061920166, 5.469799518585205, 5.51287841796875, 5.555957317352295, 5.59903621673584, 5.642115116119385, 5.68519401550293, 5.728272914886475, 5.7713518142700195, 5.814430236816406, 5.857509136199951, 5.900588035583496, 5.943666934967041, 5.986745834350586, 6.029824733734131, 6.072903633117676, 6.115982532501221, 6.159061431884766, 6.2021403312683105, 6.2452192306518555, 6.2882981300354, 6.331377029418945, 6.37445592880249, 6.417534828186035, 6.46061372756958, 6.503692626953125]}, "_wandb": {"runtime": 27}}