{"aver_reward": -155.1714037133971, "steps_in_episode": 114, "_timestamp": 1721744878.8640199, "_runtime": 4.932759761810303, "_step": 56, "q_values": {"_type": "histogram", "values": [1, 0, 0, 0, 0, 0, 0, 0, 0, 0, 0, 0, 0, 0, 0, 0, 0, 0, 0, 0, 0, 0, 0, 0, 0, 0, 0, 0, 0, 0, 0, 0, 0, 0, 0, 0, 0, 0, 0, 0, 1, 0, 0, 1, 0, 0, 0, 0, 0, 0, 0, 0, 0, 0, 0, 0, 0, 0, 0, 0, 0, 0, 0, 1], "bins": [-1.5159639120101929, -1.4763331413269043, -1.4367023706436157, -1.3970715999603271, -1.3574408292770386, -1.31781005859375, -1.2781792879104614, -1.2385485172271729, -1.1989177465438843, -1.1592869758605957, -1.1196562051773071, -1.0800254344940186, -1.04039466381073, -1.0007638931274414, -0.9611330628395081, -0.9215022921562195, -0.8818715214729309, -0.8422407507896423, -0.8026099801063538, -0.7629792094230652, -0.7233484387397766, -0.683717668056488, -0.6440868973731995, -0.6044561266899109, -0.5648252964019775, -0.525194525718689, -0.4855637848377228, -0.4459330141544342, -0.40630221366882324, -0.36667144298553467, -0.3270406723022461, -0.2874099016189575, -0.24777913093566895, -0.20814836025238037, -0.1685175895690918, -0.12888680398464203, -0.08925603330135345, -0.04962525889277458, -0.00999448448419571, 0.029636289924383163, 0.06926706433296204, 0.10889783501625061, 0.14852860569953918, 0.18815939128398895, 0.22779016196727753, 0.2674209475517273, 0.30705171823501587, 0.34668248891830444, 0.386313259601593, 0.4259440302848816, 0.46557480096817017, 0.5052055716514587, 0.5448363423347473, 0.5844671130180359, 0.6240978837013245, 0.663728654384613, 0.7033594846725464, 0.742990255355835, 0.7826210260391235, 0.8222517967224121, 0.8618825674057007, 0.9015133380889893, 0.9411441087722778, 0.9807748794555664, 1.020405650138855]}, "_wandb": {"runtime": 4}}