,Sustainability,Security,Efficiency,Expert + given profile,Value learning + given profile,"Society with profile: ('0.700', '0.300', '0.000')","Expert with profile: ('0.700', '0.300', '0.000')","Profile learning + Value Learning: ('0.698', '0.290', '0.012')"
0,1.0,0.0,0.0,"(3.2182496, 1.0898848)","(3.2182496, 1.0898848)","(3.8715043, 1.6930003)","(3.2835205, 1.1184373)","(3.2947395, 1.1242367)"
1,0.7,0.3,0.0,"(3.1471946, 1.0771296)","(3.1471832, 1.0771252)","(3.5284784, 1.2767869)","(3.1471949, 1.0771296)","(3.1471832, 1.0771252)"
2,0.0,0.0,1.0,"(1.0131701, 0.575264)","(1.01317, 0.575264)","(2.121191, 2.0313528)","(1.2097944, 0.83668)","(1.2076975, 0.83795255)"
3,0.0,1.0,0.0,"(1.4953431, 0.42600834)","(1.4953429, 0.42600834)","(2.7280846, 1.3294176)","(2.829101, 1.1946799)","(2.802885, 1.1932279)"
