,Sustainability,Security,Efficiency,Expert + given profile,Value learning + given profile,"Society with profile: ('0.700', '0.300', '0.000')","Expert with profile: ('0.700', '0.300', '0.000')","Profile learning + Value Learning: ('0.354', '0.305', '0.341')"
0,1.0,0.0,0.0,"(3.2182496, 1.0898848)","(3.2182496, 1.0898848)","(3.884862, 1.7360684)","(3.2835205, 1.1184373)","(3.2903705, 1.119085)"
1,0.7,0.3,0.0,"(3.1471946, 1.0771296)","(3.1471832, 1.0771252)","(3.5219605, 1.3093091)","(3.1471949, 1.0771296)","(3.1564467, 1.0816602)"
2,0.0,0.0,1.0,"(1.0131701, 0.575264)","(1.01317, 0.575264)","(2.1761703, 2.089226)","(1.2097944, 0.83668)","(1.1560626, 0.75497955)"
3,0.0,1.0,0.0,"(1.4953431, 0.42600834)","(1.4953429, 0.42600834)","(2.675191, 1.3672987)","(2.829101, 1.1946799)","(2.8439586, 1.1727415)"
