,Sustainability,Security,Efficiency,Expert + given profile,Value learning + given profile,"Society with profile: ('0.500', '0.300', '0.200')","Expert with profile: ('0.500', '0.300', '0.200')","Profile learning + Value Learning: ('0.144', '0.070', '0.786')"
0,1.0,0.0,0.0,"(3.15613, 0.6439636)","(3.1561298, 0.6439636)","(3.696142, 1.2121027)","(3.2532227, 0.66908425)","(3.2882233, 0.6920026)"
1,0.0,0.0,1.0,"(0.861273, 0.32015994)","(0.861273, 0.32015994)","(1.769954, 1.6704968)","(0.8667843, 0.3182939)","(0.8638096, 0.31939512)"
2,0.5,0.3,0.2,"(2.7662046, 0.557556)","(2.6848369, 0.5282834)","(3.0302472, 0.8424796)","(2.7662048, 0.557556)","(2.772114, 0.559661)"
3,0.0,1.0,0.0,"(1.5082723, 0.47311217)","(1.5082723, 0.47311217)","(2.7606175, 1.0880897)","(3.2207887, 0.79798937)","(3.184135, 0.79802287)"
