,Sustainability,Security,Efficiency,Expert + given profile,Value learning + given profile,"Society with profile: ('0.500', '0.300', '0.200')","Expert with profile: ('0.500', '0.300', '0.200')","Profile learning + Value Learning: ('0.354', '0.305', '0.341')"
0,1.0,0.0,0.0,"(3.15613, 0.6439636)","(3.1561298, 0.6439636)","(3.7421286, 1.2135478)","(3.2532227, 0.66908425)","(3.2768433, 0.6734246)"
1,0.0,0.0,1.0,"(0.861273, 0.32015994)","(0.861273, 0.32015994)","(1.8178784, 1.7143509)","(0.8667843, 0.3182939)","(0.96434516, 0.46458566)"
2,0.5,0.3,0.2,"(2.7662046, 0.557556)","(2.6848369, 0.5282834)","(3.0662804, 0.83913034)","(2.7662048, 0.557556)","(2.6917298, 0.53267103)"
3,0.0,1.0,0.0,"(1.5082723, 0.47311217)","(1.5082723, 0.47311217)","(2.7721334, 1.0759346)","(3.2207887, 0.79798937)","(2.8681304, 0.8876407)"
