,Sustainability,Security,Efficiency,Expert + given profile,Value learning + given profile,"Society with profile: ('0.500', '0.300', '0.200')","Expert with profile: ('0.500', '0.300', '0.200')","Profile learning + Value Learning: ('0.397', '0.524', '0.080')"
0,1.0,0.0,0.0,"(3.15613, 0.6439636)","(3.1561298, 0.6439636)","(3.7502685, 1.2970042)","(3.2532227, 0.66908425)","(3.6838818, 0.80150807)"
1,0.0,0.0,1.0,"(0.861273, 0.32015994)","(0.861273, 0.32015994)","(1.8466839, 1.7657976)","(0.8667843, 0.3182939)","(1.9838092, 1.1817758)"
2,0.5,0.3,0.2,"(2.7662046, 0.557556)","(2.6848369, 0.5282834)","(3.0713437, 0.90264666)","(2.7662048, 0.557556)","(2.8820064, 0.6017029)"
3,0.0,1.0,0.0,"(1.5082723, 0.47311217)","(1.5082723, 0.47311217)","(2.7562413, 1.0800868)","(3.2207887, 0.79798937)","(2.144346, 0.9244997)"
