,Sustainability,Security,Efficiency,Expert + given profile,Value learning + given profile,"Society with profile: ('0.700', '0.300', '0.000')","Expert with profile: ('0.700', '0.300', '0.000')","Profile learning + Value Learning: ('0.484', '0.489', '0.027')"
0,1.0,0.0,0.0,"(3.2182496, 1.0898848)","(3.2182496, 1.0898848)","(3.9140053, 1.892821)","(3.2835205, 1.1184373)","(3.6747062, 1.3416648)"
1,0.7,0.3,0.0,"(3.1471946, 1.0771296)","(3.1471832, 1.0771252)","(3.5482473, 1.4160212)","(3.1471949, 1.0771296)","(3.2351432, 1.1110492)"
2,0.0,0.0,1.0,"(1.0131701, 0.575264)","(1.01317, 0.575264)","(2.1859813, 2.2465448)","(1.2097944, 0.83668)","(2.1038885, 1.47703)"
3,0.0,1.0,0.0,"(1.4953431, 0.42600834)","(1.4953429, 0.42600834)","(2.694812, 1.3622943)","(2.829101, 1.1946799)","(2.2094958, 1.1413423)"
