{"aver_reward": -177.46794768389356, "steps_in_episode": 119, "_timestamp": 1721744905.788864, "_runtime": 2.344106912612915, "_step": 21, "q_values": {"_type": "histogram", "values": [1, 0, 1, 0, 0, 0, 0, 0, 0, 0, 0, 0, 0, 0, 0, 0, 0, 0, 0, 1, 0, 0, 0, 0, 0, 0, 0, 0, 0, 0, 0, 0, 0, 0, 0, 0, 0, 0, 0, 0, 0, 0, 0, 0, 0, 0, 0, 0, 0, 0, 0, 0, 0, 0, 0, 0, 0, 0, 0, 0, 0, 0, 0, 1], "bins": [-0.412503719329834, -0.39620065689086914, -0.3798976242542267, -0.36359456181526184, -0.347291499376297, -0.33098846673965454, -0.3146854043006897, -0.29838234186172485, -0.28207927942276, -0.26577624678611755, -0.2494731843471527, -0.23317013680934906, -0.2168670892715454, -0.20056402683258057, -0.18426097929477692, -0.16795791685581207, -0.15165486931800842, -0.13535182178020477, -0.11904875934123993, -0.10274571180343628, -0.08644265681505203, -0.07013960182666779, -0.05383655056357384, -0.03753349930047989, -0.021230444312095642, -0.0049273911863565445, 0.011375661939382553, 0.02767871506512165, 0.04398176819086075, 0.060284823179244995, 0.07658787071704865, 0.09289092570543289, 0.10919398069381714, 0.1254970282316208, 0.14180009067058563, 0.15810313820838928, 0.17440620064735413, 0.19070924818515778, 0.20701229572296143, 0.22331535816192627, 0.23961840569972992, 0.25592145323753357, 0.2722245156764984, 0.28852757811546326, 0.3048306107521057, 0.32113367319107056, 0.3374367356300354, 0.35373976826667786, 0.3700428307056427, 0.38634589314460754, 0.40264892578125, 0.41895198822021484, 0.4352550506591797, 0.45155808329582214, 0.467861145734787, 0.48416420817375183, 0.5004672408103943, 0.5167703032493591, 0.533073365688324, 0.5493764281272888, 0.5656794905662537, 0.5819824934005737, 0.5982855558395386, 0.6145886182785034, 0.6308916807174683]}}