{"aver_reward": -636.8691103162786, "steps_in_episode": 58, "_timestamp": 1721745256.841405, "_runtime": 338.5350568294525, "_step": 3798, "q_values": {"_type": "histogram", "values": [1, 0, 1, 0, 0, 0, 0, 0, 0, 0, 0, 0, 0, 0, 0, 0, 0, 0, 0, 0, 0, 0, 0, 0, 0, 0, 0, 0, 0, 1, 0, 0, 0, 0, 0, 0, 0, 0, 0, 0, 0, 0, 0, 0, 0, 0, 0, 0, 0, 0, 0, 0, 0, 0, 0, 0, 0, 0, 0, 0, 0, 0, 0, 1], "bins": [374.87127685546875, 375.1954345703125, 375.51959228515625, 375.84375, 376.16790771484375, 376.4920654296875, 376.81622314453125, 377.140380859375, 377.46453857421875, 377.7886657714844, 378.1128234863281, 378.4369812011719, 378.7611389160156, 379.0852966308594, 379.4094543457031, 379.7336120605469, 380.0577697753906, 380.3819274902344, 380.7060852050781, 381.0302429199219, 381.3544006347656, 381.6785583496094, 382.0027160644531, 382.3268737792969, 382.6510009765625, 382.97515869140625, 383.29931640625, 383.62347412109375, 383.9476318359375, 384.27178955078125, 384.595947265625, 384.92010498046875, 385.2442626953125, 385.56842041015625, 385.892578125, 386.21673583984375, 386.5408935546875, 386.86505126953125, 387.189208984375, 387.51336669921875, 387.8375244140625, 388.1616516113281, 388.4858093261719, 388.8099670410156, 389.1341247558594, 389.4582824707031, 389.7824401855469, 390.1065979003906, 390.4307556152344, 390.7549133300781, 391.0790710449219, 391.4032287597656, 391.7273864746094, 392.0515441894531, 392.3757019042969, 392.6998596191406, 393.02398681640625, 393.34814453125, 393.67230224609375, 393.9964599609375, 394.32061767578125, 394.644775390625, 394.96893310546875, 395.2930908203125, 395.61724853515625]}, "_wandb": {"runtime": 338}}