{"aver_reward": 1.3249014702154454, "steps_in_episode": 148, "_timestamp": 1721744096.846099, "_runtime": 57.56736898422241, "_step": 396, "q_values": {"_type": "histogram", "values": [1, 0, 0, 0, 0, 0, 0, 0, 0, 0, 0, 0, 0, 0, 0, 0, 0, 0, 0, 0, 0, 0, 0, 0, 0, 0, 0, 0, 0, 0, 0, 0, 0, 0, 0, 0, 0, 0, 0, 0, 0, 0, 0, 0, 0, 0, 0, 1, 0, 1, 0, 0, 0, 0, 0, 0, 0, 0, 0, 0, 0, 0, 0, 1], "bins": [44.49613952636719, 44.55858612060547, 44.62103271484375, 44.6834831237793, 44.74592971801758, 44.80837631225586, 44.87082290649414, 44.93326950073242, 44.99571990966797, 45.05816650390625, 45.12061309814453, 45.18305969238281, 45.245506286621094, 45.30795669555664, 45.37040328979492, 45.4328498840332, 45.495296478271484, 45.557743072509766, 45.62019348144531, 45.682640075683594, 45.745086669921875, 45.807533264160156, 45.86997985839844, 45.932430267333984, 45.994876861572266, 46.05732345581055, 46.11977005004883, 46.18221664428711, 46.244667053222656, 46.30711364746094, 46.36956024169922, 46.4320068359375, 46.49445343017578, 46.55690383911133, 46.61935043334961, 46.68179702758789, 46.74424362182617, 46.80669403076172, 46.869140625, 46.93158721923828, 46.99403381347656, 47.056480407714844, 47.11893081665039, 47.18137741088867, 47.24382400512695, 47.306270599365234, 47.368717193603516, 47.43116760253906, 47.493614196777344, 47.556060791015625, 47.618507385253906, 47.68095397949219, 47.743404388427734, 47.805850982666016, 47.8682975769043, 47.93074417114258, 47.99319076538086, 48.055641174316406, 48.11808776855469, 48.18053436279297, 48.24298095703125, 48.30542755126953, 48.36787796020508, 48.43032455444336, 48.49277114868164]}, "_wandb": {"runtime": 57}}