{"aver_reward": -356.5003842332675, "steps_in_episode": 110, "_timestamp": 1721751527.3018801, "_runtime": 6247.574186086655, "_step": 54999, "q_values": {"_type": "histogram", "values": [1, 0, 0, 0, 0, 1, 0, 0, 0, 0, 0, 0, 0, 0, 0, 0, 0, 0, 0, 0, 0, 0, 0, 0, 0, 0, 0, 0, 0, 0, 0, 0, 0, 0, 0, 0, 0, 0, 0, 0, 0, 0, 0, 0, 0, 0, 0, 0, 0, 0, 0, 0, 0, 0, 1, 0, 0, 0, 0, 0, 0, 0, 0, 1], "bins": [476.5683898925781, 477.031494140625, 477.49456787109375, 477.9576721191406, 478.4207458496094, 478.88385009765625, 479.346923828125, 479.8100280761719, 480.27313232421875, 480.7362060546875, 481.1993103027344, 481.6623840332031, 482.12548828125, 482.58856201171875, 483.0516662597656, 483.5147399902344, 483.97784423828125, 484.4409484863281, 484.9040222167969, 485.36712646484375, 485.8302001953125, 486.2933044433594, 486.7563781738281, 487.219482421875, 487.68255615234375, 488.1456604003906, 488.6087646484375, 489.07183837890625, 489.5349426269531, 489.9980163574219, 490.46112060546875, 490.9241943359375, 491.3872985839844, 491.85040283203125, 492.3134765625, 492.7765808105469, 493.2396545410156, 493.7027587890625, 494.16583251953125, 494.6289367675781, 495.092041015625, 495.55511474609375, 496.0182189941406, 496.4812927246094, 496.94439697265625, 497.407470703125, 497.8705749511719, 498.3336486816406, 498.7967529296875, 499.2598571777344, 499.7229309082031, 500.18603515625, 500.64910888671875, 501.1122131347656, 501.5752868652344, 502.03839111328125, 502.50146484375, 502.9645690917969, 503.42767333984375, 503.8907470703125, 504.3538513183594, 504.8169250488281, 505.280029296875, 505.74310302734375, 506.2062072753906]}, "_wandb": {"runtime": 6247}}